"0","  ### Calculate variability (dispersions) in data"
"0","  brca_hd_tep_fitted_commondisp_dge <- edgeR::estimateCommonDisp(brca_hd_tep_tmm_normalized_dge)"
"0","  brca_hd_tep_fitted_tagwise_dge <- edgeR::estimateTagwiseDisp(brca_hd_tep_fitted_commondisp_dge)"
"0","  ### Perform differential expression testing (comparison is 'BrCa' vs 'HD')"
"0","  brca_hd_tep_de_tested_dge <- edgeR::exactTest(brca_hd_tep_fitted_tagwise_dge, pair = comparison)"
"0","  ### Perform multiple-testing correction using Benjamini-Hockberg procedure"
"0","  brca_hd_tep_de_tested_tt <- edgeR::topTags(brca_hd_tep_de_tested_dge,"
"0","    n = nrow(brca_hd_tep_tmm_normalized_dge),"
"0","    adjust.method = ""BH"","
"0","    sort.by = ""PValue"")"
