"0","  ### Minimum number of mapped read counts per sample"
"0","  min_counts <- 5"
"0","  ### Declare baseline (i.e. control) and test classes"
"0","  baseline_class <- ""HD"""
"0","  test_class <- ""BrCa"""
"0","  comparison <- c(baseline_class, test_class)"
"0","  brca_hd_tep_se_counts <- SummarizedExperiment::assays(brca_hd_tep_se)[[""counts""]]"
"0","  brca_hd_tep_se_group <- SummarizedExperiment::colData(brca_hd_tep_se)[[""class""]]"
"0","  ### Find genes (rows) with a minimum number of counts"
"0","  index_test_class <- brca_hd_tep_se_group == comparison[1]"
"0","  index_baseline_class <- brca_hd_tep_se_group == comparison[2]"
"0","  row_with_mincount <-"
"0","    rowSums(edgeR::cpm(brca_hd_tep_se_counts) > min_counts) >="
"0","      min(sum(index_baseline_class), sum(index_test_class))"
"0","  ### Subset the original data accordingly"
"0","  brca_hd_tep_dge_counts <- brca_hd_tep_se_counts[row_with_mincount,]"
"0","  ### Push the data into the edgeR::DGEList"
"0","  brca_hd_tep_filtered_dge <-"
"0","    edgeR::DGEList(counts = brca_hd_tep_dge_counts, group = brca_hd_tep_se_group)"
