{"chunk_definitions":[{"chunk_id":"cvzj4tt2a5eoi","chunk_label":"unnamed-chunk-1","document_id":"66753304","expansion_state":0,"options":{"engine":"r","include":false,"label":"unnamed-chunk-1"},"row":21,"row_count":1,"visible":true},{"chunk_id":"cg86qfdwdjktu","chunk_label":"unnamed-chunk-2","document_id":"66753304","expansion_state":0,"options":{"engine":"r","label":"unnamed-chunk-2","results":"asis"},"row":98,"row_count":1,"visible":true},{"chunk_id":"cs6thxr635qio","chunk_label":"unnamed-chunk-3","document_id":"66753304","expansion_state":0,"options":{"engine":"r","label":"unnamed-chunk-3","results":"asis"},"row":104,"row_count":1,"visible":true},{"chunk_id":"cm3atugwdpa7x","chunk_label":"unnamed-chunk-4","document_id":"66753304","expansion_state":0,"options":{"engine":"r","label":"unnamed-chunk-4","results":"asis"},"row":114,"row_count":1,"visible":true},{"chunk_id":"cha81c5olfpxe","chunk_label":"unnamed-chunk-5","document_id":"66753304","expansion_state":0,"options":{"engine":"r","label":"unnamed-chunk-5"},"row":156,"row_count":1,"visible":true},{"chunk_id":"ccr3vxn7xp9b0","chunk_label":"unnamed-chunk-6","document_id":"66753304","expansion_state":0,"options":{"engine":"r","label":"unnamed-chunk-6"},"row":161,"row_count":1,"visible":true},{"chunk_id":"c3kemc7y6pkr4","chunk_label":"unnamed-chunk-7","document_id":"66753304","expansion_state":0,"options":{"engine":"r","label":"unnamed-chunk-7","results":"asis"},"row":169,"row_count":1,"visible":true},{"chunk_id":"cghfnrqt5gi59","chunk_label":"unnamed-chunk-8","document_id":"66753304","expansion_state":0,"options":{"engine":"r","label":"unnamed-chunk-8","results":"asis"},"row":176,"row_count":1,"visible":true},{"chunk_id":"ccf7mchuv9bjj","chunk_label":"unnamed-chunk-9","document_id":"66753304","expansion_state":0,"options":{"engine":"r","label":"unnamed-chunk-9"},"row":180,"row_count":1,"visible":true},{"chunk_id":"c423ky041qlaw","chunk_label":"unnamed-chunk-10","document_id":"66753304","expansion_state":0,"options":{"engine":"r","label":"unnamed-chunk-10","results":"asis"},"row":188,"row_count":1,"visible":true},{"chunk_id":"c7t1n376lj65k","chunk_label":"unnamed-chunk-11","document_id":"66753304","expansion_state":0,"options":{"engine":"r","label":"unnamed-chunk-11","results":"asis"},"row":247,"row_count":1,"visible":true},{"chunk_id":"cd65ziwaefukb","chunk_label":"unnamed-chunk-12","document_id":"66753304","expansion_state":0,"options":{"engine":"r","label":"unnamed-chunk-12","results":"asis"},"row":257,"row_count":1,"visible":true},{"chunk_id":"cbxfmoxuun9b2","chunk_label":"unnamed-chunk-13","document_id":"66753304","expansion_state":0,"options":{"engine":"r","label":"unnamed-chunk-13","results":"asis"},"row":263,"row_count":1,"visible":true},{"chunk_id":"ckwiraq021oix","chunk_label":"unnamed-chunk-14","document_id":"66753304","expansion_state":0,"options":{"engine":"r","label":"unnamed-chunk-14","results":"asis"},"row":272,"row_count":1,"visible":true},{"chunk_id":"cxvqwm6s9ymyc","chunk_label":"unnamed-chunk-15","document_id":"66753304","expansion_state":0,"options":{"engine":"r","label":"unnamed-chunk-15"},"row":300,"row_count":1,"visible":true},{"chunk_id":"c69w2990tzo5d","chunk_label":"unnamed-chunk-16","document_id":"66753304","expansion_state":0,"options":{"engine":"r","label":"unnamed-chunk-16","results":"asis"},"row":309,"row_count":1,"visible":true},{"chunk_id":"cek70no0nv93i","chunk_label":"unnamed-chunk-17","document_id":"66753304","expansion_state":0,"options":{"engine":"r","label":"unnamed-chunk-17"},"row":333,"row_count":1,"visible":true},{"chunk_id":"c0b0eyy58j2a3","chunk_label":"unnamed-chunk-18","document_id":"66753304","expansion_state":0,"options":{"engine":"r","label":"unnamed-chunk-18","results":"asis"},"row":340,"row_count":1,"visible":true},{"chunk_id":"cuto2h6roiokt","chunk_label":"unnamed-chunk-19","document_id":"66753304","expansion_state":0,"options":{"engine":"r","label":"unnamed-chunk-19"},"row":371,"row_count":1,"visible":true},{"chunk_id":"cfscxhba6nubn","chunk_label":"unnamed-chunk-20","document_id":"66753304","expansion_state":0,"options":{"engine":"r","label":"unnamed-chunk-20","results":"asis"},"row":383,"row_count":1,"visible":true},{"chunk_id":"crqclklsud017","chunk_label":"unnamed-chunk-21","document_id":"66753304","expansion_state":0,"options":{"engine":"r","label":"unnamed-chunk-21","results":"asis"},"row":388,"row_count":1,"visible":true},{"chunk_id":"cu805xhvex75i","chunk_label":"unnamed-chunk-22","document_id":"66753304","expansion_state":0,"options":{"engine":"r","label":"unnamed-chunk-22"},"row":408,"row_count":1,"visible":true},{"chunk_id":"cab9zt4dg8zpt","chunk_label":"unnamed-chunk-23","document_id":"66753304","expansion_state":0,"options":{"engine":"r","label":"unnamed-chunk-23","results":"asis"},"row":422,"row_count":1,"visible":true},{"chunk_id":"c9yz5zisttqps","chunk_label":"unnamed-chunk-24","document_id":"66753304","expansion_state":0,"options":{"engine":"r","eval":false,"label":"unnamed-chunk-24"},"row":498,"row_count":1,"visible":true},{"chunk_id":"c961xg4d4k7aj","chunk_label":"unnamed-chunk-25","document_id":"66753304","expansion_state":0,"options":{"engine":"r","label":"unnamed-chunk-25"},"row":525,"row_count":1,"visible":true},{"chunk_id":"c36y4dasn0vxo","chunk_label":"unnamed-chunk-26","document_id":"66753304","expansion_state":0,"options":{"engine":"r","eval":false,"label":"unnamed-chunk-26"},"row":561,"row_count":1,"visible":true}],"doc_write_time":1504628631}