{"chunk_definitions":[{"chunk_id":"c8x17c3bfp92e","chunk_label":"unnamed-chunk-1","document_id":"33F200C8","expansion_state":0,"options":{"engine":"r","include":false,"label":"unnamed-chunk-13"},"row":21,"row_count":1,"visible":true},{"chunk_id":"c0lu360jh5e6p","chunk_label":"unnamed-chunk-2","document_id":"33F200C8","expansion_state":0,"options":{"engine":"r","label":"unnamed-chunk-14","results":"asis"},"row":113,"row_count":1,"visible":true},{"chunk_id":"ccv6yhhjsgbr2","chunk_label":"unnamed-chunk-3","document_id":"33F200C8","expansion_state":0,"options":{"engine":"r","label":"unnamed-chunk-15","results":"asis"},"row":119,"row_count":1,"visible":true},{"chunk_id":"caejdde29i48g","chunk_label":"unnamed-chunk-4","document_id":"33F200C8","expansion_state":0,"options":{"engine":"r","label":"unnamed-chunk-16","results":"asis"},"row":129,"row_count":1,"visible":true},{"chunk_id":"c7yvu53mv09uo","chunk_label":"unnamed-chunk-5","document_id":"33F200C8","expansion_state":0,"options":{"engine":"r","label":"unnamed-chunk-17"},"row":358,"row_count":1,"visible":true},{"chunk_id":"czhsboxdfc390","chunk_label":"unnamed-chunk-6","document_id":"33F200C8","expansion_state":0,"options":{"engine":"r","label":"unnamed-chunk-18"},"row":373,"row_count":1,"visible":true},{"chunk_id":"clm3evolh6fwn","chunk_label":"unnamed-chunk-7","document_id":"33F200C8","expansion_state":0,"options":{"engine":"r","label":"unnamed-chunk-19"},"row":378,"row_count":1,"visible":true},{"chunk_id":"cdu40az5ce89l","chunk_label":"unnamed-chunk-8","document_id":"33F200C8","expansion_state":0,"options":{"engine":"r","label":"unnamed-chunk-20","results":"asis"},"row":386,"row_count":1,"visible":true},{"chunk_id":"ckxsk7bhn0gpu","chunk_label":"unnamed-chunk-9","document_id":"33F200C8","expansion_state":0,"options":{"engine":"r","label":"unnamed-chunk-21","results":"asis"},"row":393,"row_count":1,"visible":true},{"chunk_id":"cdevgcvwc03fw","chunk_label":"unnamed-chunk-10","document_id":"33F200C8","expansion_state":0,"options":{"engine":"r","label":"unnamed-chunk-22"},"row":397,"row_count":1,"visible":true},{"chunk_id":"cm5jfpjdx9p9j","chunk_label":"unnamed-chunk-11","document_id":"33F200C8","expansion_state":0,"options":{"engine":"r","label":"unnamed-chunk-23","results":"asis"},"row":405,"row_count":1,"visible":true},{"chunk_id":"contw6b1878kh","chunk_label":"unnamed-chunk-12","document_id":"33F200C8","expansion_state":0,"options":{"engine":"r","label":"unnamed-chunk-24","results":"asis"},"row":462,"row_count":1,"visible":true},{"chunk_id":"ctkkodzx1lkz5","chunk_label":"unnamed-chunk-13","document_id":"33F200C8","expansion_state":0,"options":{"engine":"r","label":"unnamed-chunk-25","results":"asis"},"row":472,"row_count":1,"visible":true},{"chunk_id":"ch5wzpskxzooh","chunk_label":"unnamed-chunk-14","document_id":"33F200C8","expansion_state":0,"options":{"engine":"r","label":"unnamed-chunk-26","results":"asis"},"row":478,"row_count":1,"visible":true},{"chunk_id":"cw4ks84drkrhh","chunk_label":"unnamed-chunk-15","document_id":"33F200C8","expansion_state":0,"options":{"engine":"r","label":"unnamed-chunk-27","results":"asis"},"row":487,"row_count":1,"visible":true},{"chunk_id":"cugp3cggighi8","chunk_label":"unnamed-chunk-16","document_id":"33F200C8","expansion_state":0,"options":{"engine":"r","label":"unnamed-chunk-28"},"row":515,"row_count":1,"visible":true},{"chunk_id":"c9rx82m7pak1n","chunk_label":"unnamed-chunk-17","document_id":"33F200C8","expansion_state":0,"options":{"engine":"r","label":"unnamed-chunk-29","results":"asis"},"row":524,"row_count":1,"visible":true},{"chunk_id":"cwpel525kq9ti","chunk_label":"unnamed-chunk-18","document_id":"33F200C8","expansion_state":0,"options":{"engine":"r","label":"unnamed-chunk-30"},"row":548,"row_count":1,"visible":true},{"chunk_id":"cvqstc4sbnr4o","chunk_label":"unnamed-chunk-19","document_id":"33F200C8","expansion_state":0,"options":{"engine":"r","label":"unnamed-chunk-31","results":"asis"},"row":555,"row_count":1,"visible":true},{"chunk_id":"cdnk8by07ltje","chunk_label":"unnamed-chunk-20","document_id":"33F200C8","expansion_state":0,"options":{"engine":"r","label":"unnamed-chunk-32"},"row":586,"row_count":1,"visible":true},{"chunk_id":"cyvexh4jwnkdw","chunk_label":"unnamed-chunk-21","document_id":"33F200C8","expansion_state":0,"options":{"engine":"r","label":"unnamed-chunk-33","results":"asis"},"row":598,"row_count":1,"visible":true},{"chunk_id":"cltonmz6h3uu1","chunk_label":"unnamed-chunk-22","document_id":"33F200C8","expansion_state":0,"options":{"engine":"r","label":"unnamed-chunk-34","results":"asis"},"row":603,"row_count":1,"visible":true},{"chunk_id":"c07m7lgjpahpa","chunk_label":"unnamed-chunk-23","document_id":"33F200C8","expansion_state":0,"options":{"engine":"r","label":"unnamed-chunk-35"},"row":623,"row_count":1,"visible":true},{"chunk_id":"cvhr32a4l1tgk","chunk_label":"unnamed-chunk-24","document_id":"33F200C8","expansion_state":0,"options":{"engine":"r","label":"unnamed-chunk-36","results":"asis"},"row":637,"row_count":1,"visible":true},{"chunk_id":"crh92oprf10fw","chunk_label":"unnamed-chunk-29","document_id":"33F200C8","expansion_state":0,"options":{"engine":"r","label":"unnamed-chunk-4"},"row":798,"row_count":1,"visible":true}],"doc_write_time":1505326526}