"0","  ### Rank by inverse of p-value taking into account 'sign' of change in BrCa (i.e. increase/decrease) relative to HD"
"0","  brca_hd_tep_rank_values <- sign(brca_hd_tep_de_tested_tt[[""table""]][[""logFC""]]) * (-1) * log10(brca_hd_tep_de_tested_tt[[""table""]][[""PValue""]])"
"0","  ### Take into account log10(0) = -Inf"
"0","  brca_hd_tep_rank_values_max <- max(brca_hd_tep_rank_values[ brca_hd_tep_rank_values != Inf ])"
"0","  brca_hd_tep_rank_values_unique <- sapply( brca_hd_tep_rank_values,"
"0","                                            function(x) replace(x, is.infinite(x),"
"0","                                            sign(x) * (brca_hd_tep_rank_values_max + runif(1))) )"
"0","  ### Construct the data frame we wish place into a tabular file"
"0","  genenames <- (rownames(brca_hd_tep_de_tested_tt[[""table""]]))"
"0","  brca_hd_tep_ranks_df <- data.frame(gene=genenames,"
"0","                                     rank=brca_hd_tep_rank_values_unique,"
"0","                                     stringsAsFactors = FALSE)"
"0","  brca_hd_tep_ordered_ranks_df <- brca_hd_tep_ranks_df[order(brca_hd_tep_ranks_df[,2], decreasing = TRUE), ]"
"0","  ## Write out to file"
"0","  rank_list_path <- file.path(getwd(), ""brca_hd_tep.rnk"")"
"0","  write.table(brca_hd_tep_ordered_ranks_df,"
"0","              quote=FALSE,"
"0","              sep = ""\t"","
"0","              file=rank_list_path,"
"0","              row.names = FALSE)"
