"0","  #' Merge a set of files representing RNA sequencing gene counts"
"0","  #'"
"0","  #' 1. Default parameter is do nothing (already matching gene set ids)"
"0","  #' 2. Optional parameter is to map from input to target namespace"
"0","  #' Data files must be in tab-delimited format with two columns and no header. The classes are defined by a meta data file which is a tab-delimited text file with headers for the sample read 'id' and 'class'. Each row entry is a corresponding filename and class assignment. Only accepts pair-wise comparison so there must be exactly 2 classes."
"0","  #'"
"0","  #' @param metadata_file A metadata file"
"0","  #' @param species A character array indicating the species with which to fetch gene models from bioMart, If NULL this mapping will not be performed"
"0","  #' @param source_name attribute (gene namespace) input"
"0","  #' @param target_name attribute (gene namespace) desired"
"0","  #'"
"0","  #' @return A \code{\link[SummarizedExperiment]{SummarizedExperiment}}"
"0","  #'"
"0","  #' @export"
"0","  merge_data <- function(metadata_file, species, source_name, target_name, ...) {"
"0","    if(!is.character(species)) stop('species must be of class character')"
"0","    i <- 0"
"0","    class_order <- c()"
"0","    meta <- create_meta(metadata_file)"
"0","    filelist <- list(...)"
"0","    if(is.list(filelist)){"
"0","      filelist <- unlist(filelist)"
"0","    }"
"0","    if(dim(meta)[1] != length(filelist)) stop('Mismatch in files declared in metadata')"
"0","    for(file in filelist){"
"0","      if(!file.exists(file)) stop('invalid file/directory')"
"0","      fname <- basename(file)"
"0","      findex <- which(meta$id == fname)"
"0","      if(length(findex) == 0) stop(paste0('Could not find match in metadata for ', fname))"
"0","      class_order <- append(class_order, which(meta$id == fname))"
"0","      input_df <- read.table(file,"
"0","        check.names = FALSE,"
"0","        stringsAsFactors = FALSE,"
"0","        row.names = 1,"
"0","        sep = ""\t"","
"0","        header = FALSE)"
"0","      colnames(input_df) <- tools::file_path_sans_ext(fname)"
"0","      if (i == 0){"
"0","        data_df <- input_df"
"0","        i = i + 1"
"0","        next()"
"0","      }"
"0","      data_df <- merge(data_df,"
"0","        input_df,"
"0","        by = ""row.names"","
"0","        all = FALSE)"
"0","      rownames(data_df) <- data_df$Row.names"
"0","      data_df <- subset(data_df, select = -Row.names)"
"0","      i = i + 1"
"0","    }"
"0","    gene_model <- get_gene_model( data_df, species, source_name, target_name )"
"0","    if(is.null(gene_model)) stop( 'Could not reliably map input gene ids' )"
"0","    # Sync up data rows (name, order) with gene_model returned"
"0","    data_df_mapped <- map_names(data_df, gene_model, source_name)"
"0","    # Create the SummarizedExperiment"
"0","    colData <- data.frame(class=meta[class_order,]$class, row.names=colnames(data_df_mapped))"
"0","    data_se <- SummarizedExperiment::SummarizedExperiment("
"0","      assays = list(counts = data.matrix(data_df_mapped)),"
"0","      rowRanges = gene_model,"
"0","      colData=colData)"
"0","    return(data_se)"
"0","  }"
"0","  #' Create a data frame housing the RNA-seq metadata"
"0","  #'"
"0","  #' This function requires a tab-delimited text file with headers for"
"0","  #' the sample read 'id' and 'class'. Each row entry is a corresponding filename"
"0","  #' and class assignment. Only accepts pair-wise comparison so there must be"
"0","  #' exactly 2 classes."
"0","  #'"
"0","  #' @param metadata_file a path to a tab-delimited metadata file"
"0","  #' @return A data frame"
"0","  #'"
"0","  #' @export"
"0","  create_meta <- function(metadata_file) {"
"0","    if(!file.exists(metadata_file)) stop('file does not exist')"
"0","    if(!grepl("".txt$"", metadata_file)){"
"0","      stop(""Uploaded file must be a tab-delimited .txt file!"")"
"0","    }"
"0","    meta <- read.table(metadata_file,"
"0","      check.names = FALSE,"
"0","      colClasses = c(""character"", ""factor""),"
"0","      sep = ""\t"", header=TRUE)"
"0","    if(!all.equal(colnames(meta), c(""id"", ""class""))) stop('check column headers')"
"0","    if(!length(levels(meta$class)) == 2) stop('require 2 classes')"
"0","    return(meta)"
"0","  }"
"0","  #' Normalize the data.frame nameswith those on a \code{\link[GenomicRanges]{GRanges}} object"
"0","  #'"
"0","  #' !!!!!!!!!!!!Alert alert alert ---- mapping between namespaces is not bijective.!!!!!!!!!!!!!"
"0","  #'"
"0","  #' Assumes that the gene_model has a meta-data column with source_name"
"0","  #'"
"0","  #' @param data_df the data frame to synchronize"
"0","  #' @param gene_model the \code{\link[GenomicRanges]{GRanges}} object to match rows with"
"0","  #'"
"0","  #' @return A \code{\link[base]{data.frame}} with the same rows and names as the input \code{\link[GenomicRanges]{GRanges}}"
"0","  #'"
"0","  #' @export"
"0","  map_names <- function(data_df, gene_model, source_name){"
"0","    # Filter data_df for source_name"
"0","    indices_data_df_source <- rownames( data_df ) %in% GenomicRanges::mcols( gene_model )[[source_name]]"
"0","    subset_data_df_source <- data_df[ indices_data_df_source, ]"
"0","    # Recreate the data frame"
"0","    merged_data_df <- merge( subset_data_df_source,"
"0","      data.frame( GenomicRanges::mcols( gene_model ), target_name = names(gene_model) ),"
"0","      by.x = ""row.names"", by.y = source_name)"
"0","    # merged data could still have duplicates!"
"0","    # indices_merged_data_df_unique <- !duplicated(merged_data_df[[ ""Row.names"" ]])"
"0","    # merged_data_df_unique <- merged_data_df[indices_merged_data_df_unique,]"
"0","    # Set row names to target_name"
"0","    row.names( merged_data_df ) <- merged_data_df$target_name"
"0","    # Drop name columns"
"0","    merged_data_df <- merged_data_df[, -which(names(merged_data_df) %in% c(""Row.names"", ""target_name"")) ]"
"0","    # Reorder the rows to match"
"0","    merged_data_df_reordered <- merged_data_df[ match(names(gene_model), rownames(merged_data_df)), ]"
"0","    return(merged_data_df_reordered)"
"0","  }"
"0","  #' Retrieve the gene info"
"0","  #'"
"0","  #'  !!!!!!!!!!!!Alert alert alert ---- mapping between namespaces is not bijective.!!!!!!!!!!!!!"
"0","  #'"
"0","  #' @param data_df the data frame of genes (rownames) and samples (colnames)"
"0","  #' @param species the species (mouse, human)"
"0","  #' @param source_name attribute (gene namespace) input"
"0","  #' @param target_name attribute (gene namespace) desired"
"0","  #'"
"0","  #' @return A \code{\link[GenomicRanges]{GRanges}} having unique and valid target_name entries"
"0","  #'"
"0","  #' @export"
"0","  get_gene_model <- function( data_df, species, source_name, target_name ){"
"0","    if(missing(species) ||"
"0","        !grepl(""mouse"", species, ignore.case = TRUE) &&"
"0","        !grepl(""human"", species, ignore.case = TRUE)) stop(""Species must be human or mouse"")"
"0","    dataset = switch(species,"
"0","      mouse = ""mmusculus_gene_ensembl"","
"0","      human = ""hsapiens_gene_ensembl"")"
"0","    mart_used = biomaRt::useMart(""ENSEMBL_MART_ENSEMBL"")"
"0","    ensembl = biomaRt::useDataset(dataset, mart = mart_used)"
"0","    attributes_available <- biomaRt::listAttributes(ensembl)"
"0","    if( !source_name %in% attributes_available$name ||"
"0","        !target_name %in% attributes_available$name ) stop(""Invalid source/target name"")"
"0","    bm_info <- biomaRt::getBM(attributes = c(""chromosome_name"","
"0","      ""start_position"", ""end_position"", ""strand"","
"0","      source_name, target_name),"
"0","      filters = source_name,"
"0","      values = rownames(data_df),"
"0","      mart = ensembl)"
"0","    rowRanges <- GenomicRanges::GRanges(seqnames = paste0(""chr"", bm_info$chromosome_name),"
"0","      ranges = IRanges::IRanges(start = bm_info$start_position, end = bm_info$end_position),"
"0","      strand = bm_info$strand)"
"0","    meta <- data.frame(bm_info[[source_name]])"
"0","    colnames(meta) <- c(source_name)"
"0","    GenomicRanges::mcols(rowRanges) <- meta"
"0","    names(rowRanges) <- bm_info[[target_name]]"
"0","    # Filter gene_model for valid target_name"
"0","    # GRanges objects act like vectors for subsetting"
"0","    gene_model <- rowRanges[ (names(rowRanges) != """") ]"
"0","    gene_model <- gene_model[ !duplicated(GenomicRanges::mcols(gene_model)[[source_name]]) ]"
"0","    gene_model <- gene_model[ !duplicated(names(gene_model)) ]"
"0","    return(gene_model)"
"0","  }"
