"0","  ### Declare user-defined settings"
"0","  gsea_jar_path <- file.path(""/Users/jeffreywong/bin/gsea-3.0.jar"")"
"0","  gsea_rpt_label <- ""tep_BrCa_HD_analysis"""
"0","  gsea_analysis_name <- ""tep_BrCa_HD"""
"0","  gsea_out <- file.path(getwd(), ""gsea_output"")"
"0","  gsea_gmx <- file.path(getwd(),"
"0","                        ""data"","
"0","                        ""Human_GOBP_AllPathways_no_GO_iea_August_01_2017_symbol.gmt"")"
"0","  gsea_rank_list_path <- rank_list_path"
"0","  gsea_num_permutations <- 1000"
"0","  gsea_min_gs_size <- 15"
"0","  gsea_max_gs_size <- 200"
"0","  ### Execute GSEA"
"0","  # command <- paste(""java -cp"", gsea_jar_path,"
"0","  #                  ""-Xmx1G xtools.gsea.GseaPreranked"","
"0","  #                  ""-rpt_label"", gsea_analysis_name,"
"0","  #                  ""-out"", gsea_out,"
"0","  #                  ""-gmx"", gsea_gmx,"
"0","  #                  ""-rnk"", gsea_rank_list_path,"
"0","  #                  ""-nperm"", gsea_num_permutations,"
"0","  #                  ""-set_min"", gsea_min_gs_size,"
"0","  #                  ""-set_max"", gsea_max_gs_size,"
"0","  #                  ""-collapse false"","
"0","  #                  ""-scoring_scheme weighted"","
"0","  #                  ""-permute gene_set"","
"0","  #                  ""-num 100"","
"0","  #                  ""-plot_top_x 20"","
"0","  #                  ""-rnd_seed 12345"","
"0","  #                  ""-zip_report false"","
"0","  #                  ""-gui false"","
"0","  #                  "">"", paste(""gsea_output_"", gsea_rpt_label, "".txt"", sep=""""),"
"0","  #           sep="" "")"
"0","  # system(command)"
