"0","  n_samples <- dim(brca_hd_tep_filtered_dge)[2]"
"0","  n_classes <- 2"
"0","  l1 <- paste(n_samples, n_classes, ""1"")"
"0","  l2 <- paste(""#"", brca_hd_tep_de_tested_tt[[""comparison""]][1], brca_hd_tep_de_tested_tt[[""comparison""]][2])"
"0","  l3 <- paste(brca_hd_tep_filtered_dge[[""samples""]][[""group""]], collapse = "" "")"
"0","  brca_hd_tep_cls <- rbind(l1, l2, l3)"
"0","  ### Write out to file"
"0","  categorical_class_path <- file.path(getwd(), ""brca_hd_tep.cls"")"
"0","  write(brca_hd_tep_cls,"
"0","        file=categorical_class_path,"
"0","        sep = ""\t"")"
