"0","  ### Declare general file directory paths"
"0","  base_dir <- getwd()"
"0","  data_dir <- file.path(base_dir, ""data"")"
"0","  ### Declare paths to RNA-Seq (meta)data files"
"0","  tep_rnaseq_metadata <- file.path(data_dir, ""tep_rnaseq_metadata.txt"")"
"0","  tep_rnaseq_filelist <- c(file.path(data_dir, ""MGH-BrCa-H-74_htsqct.txt""),"
"0","                           file.path(data_dir, ""MGH-BrCa-H-68_htsqct.txt""),"
"0","                           file.path(data_dir, ""MGH-BrCa-H-66_htsqct.txt""),"
"0","                           file.path(data_dir, ""MGH-BrCa-H-59_htsqct.txt""),"
"0","                           file.path(data_dir, ""MGH-BrCa-H-11_htsqct.txt""),"
"0","                           file.path(data_dir, ""HD-5_htsqct.txt""),"
"0","                           file.path(data_dir, ""HD-4_htsqct.txt""),"
"0","                           file.path(data_dir, ""HD-3-1_htsqct.txt""),"
"0","                           file.path(data_dir, ""HD-2-1_htsqct.txt""),"
"0","                           file.path(data_dir, ""HD-1_htsqct.txt""))"
