"0","  library(devtools)"
"0","  library(""SummarizedExperiment"")"
"2","Loading required package: GenomicRanges
"
"2","package ‘GenomicRanges’ was built under R version 3.3.3"
"2","Loading required package: stats4
"
"2","Loading required package: BiocGenerics
"
"2","Loading required package: parallel
"
"2","
Attaching package: ‘BiocGenerics’

"
"2","The following objects are masked from ‘package:parallel’:

    clusterApply, clusterApplyLB, clusterCall, clusterEvalQ, clusterExport,
    clusterMap, parApply, parCapply, parLapply, parLapplyLB, parRapply, parSapply,
    parSapplyLB

"
"2","The following objects are masked from ‘package:stats’:

    IQR, mad, xtabs

"
"2","The following objects are masked from ‘package:base’:

    anyDuplicated, append, as.data.frame, cbind, colnames, do.call, duplicated, eval,
    evalq, Filter, Find, get, grep, grepl, intersect, is.unsorted, lapply, lengths,
    Map, mapply, match, mget, order, paste, pmax, pmax.int, pmin, pmin.int, Position,
    rank, rbind, Reduce, rownames, sapply, setdiff, sort, table, tapply, union,
    unique, unsplit, which, which.max, which.min

"
"2","Loading required package: S4Vectors
"
"2","package ‘S4Vectors’ was built under R version 3.3.3"
"2","
Attaching package: ‘S4Vectors’

"
"2","The following objects are masked from ‘package:base’:

    colMeans, colSums, expand.grid, rowMeans, rowSums

"
"2","Loading required package: IRanges
"
"2","package ‘IRanges’ was built under R version 3.3.3"
"2","Loading required package: GenomeInfoDb
"
"2","Loading required package: Biobase
"
"2","Welcome to Bioconductor

    Vignettes contain introductory material; view with 'browseVignettes()'. To cite
    Bioconductor, see 'citation(""Biobase"")', and for packages 'citation(""pkgname"")'.

"
"0","  devtools::install_github(""jvwong/emRNASeq"")"
"2","Skipping install of 'emRNASeq' from a github remote, the SHA1 (44c8a6d9) has not changed since last install.
  Use `force = TRUE` to force installation
"
"0","  source_name <- ""ensembl_gene_id"""
"0","  target_name <- ""hgnc_symbol"""
"0","  species <- ""human"""
"0","  brca_hd_tep_se <- emRNASeq::merge_data("
"0","    tep_rnaseq_metadata,"
"0","    species,"
"0","    source_name,"
"0","    target_name,"
"0","    tep_rnaseq_filelist)"
