"0","  ### Construct path to GSEA results - 'edb' folder"
"0","  ### Ouptut from GSEA - update below to match your directory name"
"0","  gsea_results <- file.path(gsea_out, ""tep_BrCa_HD.GseaPreranked.1504624413376"")"
"0","  gsea_results_filename <- file.path(gsea_results, ""edb"", ""results.edb"")"
"0","  ### Define thresholds for GSEA enrichments"
"0","  em_pvalue_gsea_threshold <- ""0.01"""
"0","  em_qvalue_gsea_threshold <- ""0.01"""
"0","  ### Define thresholds for gene set similarity"
"0","  em_similarity_threshold <- ""0.375"""
"0","  em_similarity_metric = ""COMBINED"""
"0","  #######################################"
"0","  #create EM pvalue < 0.01 and qvalue < 0.01"
"0","  #######################################"
"0","  em_command = paste(""enrichmentmap build analysisType=gsea"","
"0","                    ""gmtFile="", gsea_gmx,"
"0","                    ""pvalue="", em_pvalue_gsea_threshold,"
"0","                    ""qvalue="", em_qvalue_gsea_threshold,"
"0","                    ""similaritycutoff="", em_similarity_threshold,"
"0","                    ""coeffecients="", em_similarity_metric,"
"0","                    ""ranksDataset1="", gsea_rank_list_path,"
"0","                    ""enrichmentsDataset1="", gsea_results_filename,"
"0","                    ""expressionDataset1="", expression_dataset_path,"
"0","                    sep="" "")"
"0","  #enrichment map command will return the suid of newly created network."
"0","  response <- r2cytoscape::commandRun(em_command)"
