"0","  ### Combine two data frames - gene metadata and sample counts"
"0","  brca_hd_tep_tmm_normalized_mat <- edgeR::cpm(brca_hd_tep_tmm_normalized_dge, normalized.lib.size=TRUE)"
"0","  meta_df <- data.frame("
"0","    NAME = rownames(brca_hd_tep_tmm_normalized_mat),"
"0","    DESCRIPTION = rownames(brca_hd_tep_tmm_normalized_mat),"
"0","    check.names = FALSE)"
"0","  rownames(brca_hd_tep_tmm_normalized_mat) <- NULL"
"0","  brca_hd_tep_tmm_normalized_expression_df <- data.frame(meta_df, brca_hd_tep_tmm_normalized_mat,  check.names = FALSE)"
"0","  ### Write out"
"0","  expression_dataset_path <- file.path(getwd(), ""brca_hd_tep_tmm_normalized_expression.txt"")"
"0","  write.table(brca_hd_tep_tmm_normalized_expression_df,"
"0","              quote=FALSE,"
"0","              sep = ""\t"","
"0","              file=expression_dataset_path,"
"0","              row.names = FALSE)"
